episode,return,return_ma50
0,383.1591,383.1591
1,300.6699,341.9145
2,311.7762,331.8684
3,288.3939,320.9998
4,305.4140,317.8826
5,396.9448,331.0596
6,478.3461,352.1006
7,408.3886,359.1366
8,210.8296,342.6580
9,488.6065,357.2529
10,150.4080,338.4488
11,453.5324,348.0391
12,383.6063,350.7750
13,259.7693,344.2746
14,429.1482,349.9329
15,409.3659,353.6474
16,299.8915,350.4853
17,350.9653,350.5120
18,447.4995,355.6166
19,308.6050,353.2660
20,420.9583,356.4895
21,419.3036,359.3446
22,453.1672,363.4239
23,417.5352,365.6785
24,475.6139,370.0759
25,374.7757,370.2567
26,407.7733,371.6462
27,403.8056,372.7948
28,435.7410,374.9653
29,482.4000,378.5465
30,261.0777,374.7572
31,206.5068,369.4993
32,160.6517,363.1706
33,327.3996,362.1185
34,385.8015,362.7952
35,370.7624,363.0165
36,417.9373,364.5008
37,500.1252,368.0699
38,361.7888,367.9088
39,277.5424,365.6497
40,335.0716,364.9039
41,230.0945,361.6941
42,334.9313,361.0717
43,437.4674,362.8080
44,428.2309,364.2619
45,361.8717,364.2099
46,379.6124,364.5376
47,408.8858,365.4615
48,448.1143,367.1483
49,379.4338,367.3940
50,296.2667,365.6562
51,105.0090,361.7430
52,143.5469,358.3784
53,461.1906,361.8343
54,376.1381,363.2488
55,305.5435,361.4208
56,464.6056,361.1460
57,88.4191,354.7466
58,345.3385,357.4367
59,447.7187,356.6190
60,438.1119,362.3731
61,483.9898,362.9822
62,458.9461,364.4890
63,264.1641,364.5769
64,446.1216,364.9164
65,260.8765,361.9466
66,372.7586,363.4039
67,297.9899,362.3444
68,342.1228,360.2369
69,391.4852,361.8945
70,318.7411,359.8501
71,359.0925,358.6459
72,355.3997,356.6906
73,126.5210,350.8703
74,363.7684,348.6334
75,481.3788,350.7654
76,424.8914,351.1078
77,472.3586,352.4789
78,393.2202,351.6284
79,346.8439,348.9173
80,458.0714,352.8572
81,466.2529,358.0521
82,345.7763,361.7546
83,279.5310,360.7972
84,429.5919,361.6730
85,314.7341,360.5525
86,329.9142,358.7920
87,323.9351,355.2682
88,502.8000,358.0884
89,351.5740,359.5691
90,385.6986,360.5816
91,459.4253,365.1682
92,234.5744,363.1611
93,363.9537,361.6908
94,307.2691,359.2716
95,396.8560,359.9713
96,230.1913,356.9828
97,300.6694,354.8185
98,320.6913,352.2700
99,384.2315,352.3660
100,312.1647,352.6840
101,316.8919,356.9216
102,394.2199,361.9351
103,373.9839,360.1909
104,369.9879,360.0679
105,272.3524,359.4041
106,447.1457,359.0549
107,285.9003,363.0045
108,458.5987,365.2698
109,354.3676,363.4027
110,455.5535,363.7516
111,337.1864,360.8155
112,316.8523,357.9736
113,405.6181,360.8027
114,232.4210,356.5287
115,399.1645,359.2944
116,448.0786,360.8008
117,328.1147,361.4033
118,360.9862,361.7806
119,411.6116,362.1831
120,430.2116,364.4125
121,436.2411,365.9555
122,467.5696,368.1989
123,502.5617,375.7197
124,411.8456,376.6813
125,222.0613,371.4949
126,344.8563,369.8942
127,373.1398,367.9098
128,250.5718,365.0569
129,268.3476,363.4870
130,322.7873,360.7813
131,471.6482,360.8892
132,463.1240,363.2361
133,402.3056,365.6916
134,417.6905,365.4536
135,502.7853,369.2146
136,383.9678,370.2957
137,97.0064,365.7571
138,452.0085,364.7413
139,476.6450,367.2427
140,315.5458,365.8397
141,191.1877,360.4749
142,498.0227,365.7439
143,274.9064,363.9629
144,200.8961,361.8355
145,388.0948,361.6602
146,471.3203,366.4828
147,346.5017,367.3995
148,425.0401,369.4864
149,259.5718,366.9932
150,174.8980,364.2479
151,384.1848,365.5938
152,435.1650,366.4127
153,373.4887,366.4028
154,417.4114,367.3512
155,366.2792,369.2298
156,302.8078,366.3430
157,326.7833,367.1607
158,352.2148,365.0330
159,323.1117,364.4079
160,368.8000,362.6728
161,406.1581,364.0522
162,266.8721,363.0526
163,480.6166,364.5526
164,250.3221,364.9106
165,359.8427,364.1242
166,259.4305,360.3512
167,169.4887,357.1787
168,243.8511,354.8360
169,460.6966,355.8177
170,356.5268,354.3440
171,376.8495,353.1562
172,277.3537,349.3519
173,472.0681,348.7420
174,364.4037,347.7932
175,337.7918,350.1078
176,383.3953,350.8785
177,362.0556,350.6569
178,429.8336,354.2421
179,71.1437,350.2980
180,387.2405,351.5871
181,424.8320,350.6508
182,345.8162,348.3046
183,333.7217,346.9329
184,134.4989,341.2691
185,331.8514,337.8504
186,422.9146,338.6294
187,241.1663,341.5126
188,223.7615,336.9476
189,442.4416,336.2635
190,477.0076,339.4928
191,109.9279,337.8676
192,387.0026,335.6472
193,454.2635,339.2343
194,485.9479,344.9354
195,352.4186,344.2218
196,442.3333,343.6421
197,470.8982,346.1300
198,416.5247,345.9597
199,490.4659,350.5776
200,306.8773,353.2172
201,283.8116,351.2097
202,364.3803,349.7940
203,346.4530,349.2533
204,282.5131,346.5553
205,338.0407,345.9906
206,99.0294,341.9150
207,442.7032,344.2334
208,248.7333,342.1638
209,452.9091,344.7597
210,424.3785,345.8713
211,324.9912,344.2480
212,482.6749,348.5640
213,289.0742,344.7332
214,376.9678,347.2661
215,315.7218,346.3837
216,435.9609,349.9143
217,365.4631,353.8338
218,349.9581,355.9559
219,388.8081,354.5181
220,449.6117,356.3798
221,458.5799,358.0144
222,487.2000,362.2114
223,257.2196,357.9144
224,414.7383,358.9211
225,474.9040,361.6633
226,456.8147,363.1317
227,363.8925,363.1684
228,432.9312,363.2304
229,473.1109,371.2697
230,426.3784,372.0525
231,200.0923,367.5577
232,478.0265,370.2019
233,183.9872,367.2072
234,483.4944,374.1871
235,432.4803,376.1997
236,440.4807,376.5510
237,396.3890,379.6555
238,336.3517,381.9073
239,374.8395,380.5553
240,403.9295,379.0937
241,415.6000,385.2071
242,443.1985,386.3311
243,481.8753,386.8833
244,400.1089,385.1665
245,300.9898,384.1379
246,390.2985,383.0972
247,329.8600,380.2765
248,448.6165,380.9183
249,293.4589,376.9782
250,407.3675,378.9880
251,320.4979,379.7217
252,392.5024,380.2841
253,327.5092,379.9053
254,362.6531,381.5081
255,485.4104,384.4555
256,385.3346,390.1816
257,416.3217,389.6539
258,316.5565,391.0104
259,441.5084,390.7824
260,297.0728,388.2363
261,436.6075,390.4686
262,205.8643,384.9324
263,298.5901,385.1227
264,253.9274,382.6619
265,398.6161,384.3198
266,278.4466,381.1695
267,290.4773,379.6698
268,421.1970,381.0946
269,386.7329,381.0531
270,483.7369,381.7356
271,485.4640,382.2732
272,387.8454,380.2861
273,455.3940,384.2496
274,391.7451,383.7898
275,197.5618,378.2429
276,498.0000,379.0666
277,355.8020,378.9048
278,387.2905,377.9920
279,150.8530,371.5469
280,454.6607,372.1125
281,399.7367,376.1054
282,299.4847,372.5345
283,383.6066,376.5269
284,454.3447,375.9439
285,339.5094,374.0845
286,323.3627,371.7422
287,109.9817,366.0140
288,160.8023,362.5030
289,353.1858,362.0700
290,465.3263,363.2979
291,457.2610,364.1311
292,341.9503,362.1061
293,401.5294,360.4992
294,494.3781,362.3846
295,274.1035,361.8469
296,374.3423,361.5278
297,267.1748,360.2741
298,461.2264,360.5263
299,429.2729,363.2425
300,365.0100,362.3954
301,389.1642,363.7687
302,422.4977,364.3686
303,372.8560,365.2756
304,364.6785,365.3161
305,476.8339,365.1445
306,293.6574,363.3110
307,448.9215,363.9630
308,435.6200,366.3443
309,250.5862,362.5258
310,276.6030,362.1164
311,434.5653,362.0756
312,343.7043,364.8324
313,329.2188,365.4449
314,359.1420,367.5492
315,80.1287,361.1795
316,375.4255,363.1191
317,388.5530,365.0806
318,468.2723,366.0221
319,338.5917,365.0593
320,162.8819,358.6422
321,278.3207,354.4993
322,380.8884,354.3601
323,400.0945,353.2542
324,349.9325,352.4179
325,229.4145,353.0550
326,433.6479,351.7679
327,346.0446,351.5728
328,346.4860,350.7567
329,479.8598,357.3368
330,255.4257,353.3521
331,373.8062,352.8335
332,313.5939,353.1157
333,430.0610,354.0448
334,452.7621,354.0131
335,332.0529,353.8640
336,382.9737,355.0562
337,421.9415,361.2954
338,334.1434,364.7622
339,460.3342,366.9052
340,319.0489,363.9797
341,392.9613,362.6937
342,254.4661,360.9440
343,487.9552,362.6725
344,277.6507,358.3379
345,359.3309,360.0425
346,476.4445,362.0845
347,455.8095,365.8572
348,473.8606,366.1099
349,363.6189,364.7968
350,131.9585,360.1358
351,454.7663,361.4478
352,296.0685,358.9193
353,433.6553,360.1352
354,266.1328,358.1643
355,108.9155,350.8060
356,248.8761,349.9103
357,353.4417,348.0007
358,395.6142,347.2006
359,420.2361,350.5936
360,397.8717,353.0190
361,215.6573,348.6408
362,265.2865,347.0725
363,428.6076,349.0603
364,368.8324,349.2541
365,468.5355,357.0222
366,414.3830,357.8014
367,350.9956,357.0502
368,283.3586,353.3519
369,341.5458,353.4110
370,416.9036,358.4915
371,426.5421,361.4559
372,355.6025,360.9502
373,447.5137,361.8985
374,322.6247,361.3524
375,400.7164,364.7784
376,278.0543,361.6666
377,359.0363,361.9264
378,468.3720,364.3641
379,461.5147,363.9972
380,288.3669,364.6560
381,441.3090,366.0061
382,391.8786,367.5718
383,404.3473,367.0575
384,399.0790,365.9839
385,178.9822,362.9224
386,329.6835,361.8566
387,439.4804,362.2074
388,432.8976,364.1825
389,449.5364,363.9665
390,433.0526,366.2466
391,451.2401,367.4122
392,361.9639,369.5621
393,483.2784,369.4686
394,472.7837,373.3713
395,201.4065,370.2128
396,306.6278,366.8164
397,382.8254,365.3568
398,381.1392,363.5023
399,350.3748,363.2375
400,354.8325,367.6949
401,234.2775,363.2852
402,309.8709,363.5612
403,420.5225,363.2985
404,385.6051,365.6880
405,465.3010,372.8157
406,463.8428,377.1150
407,338.4843,376.8159
408,377.7399,376.4584
409,333.2019,374.7177
410,454.4207,375.8487
411,284.9300,377.2342
412,232.9495,376.5874
413,443.4657,376.8846
414,367.6286,376.8605
415,461.0536,376.7109
416,316.8627,374.7605
417,467.1838,377.0842
418,404.0512,379.4981
419,420.6218,381.0796
420,405.2770,380.8471
421,386.2174,380.0406
422,486.2953,382.6544
423,338.7014,380.4782
424,410.3395,382.2325
425,426.2705,382.7436
426,227.7314,381.7371
427,260.8250,379.7729
428,454.0921,379.4873
429,478.1984,379.8209
430,422.8673,382.5110
431,441.3733,382.5122
432,396.1058,382.5968
433,396.9047,382.4479
434,189.7409,378.2612
435,388.8593,382.4587
436,329.8125,382.4613
437,331.4930,380.3015
438,416.7305,379.9782
439,438.1721,379.7509
440,467.9946,380.4498
441,400.7948,379.4408
442,317.3979,378.5495
443,416.7946,377.2199
444,315.0393,374.0650
445,328.5521,376.6079
446,341.0482,377.2963
447,397.6358,377.5925
448,418.1061,378.3318
449,431.9246,379.9628
450,344.6534,379.7592
451,296.3711,381.0011
452,448.0498,383.7647
453,430.6876,383.9680
454,210.9479,380.4749
455,455.6523,380.2819
456,313.9373,377.2838
457,288.5574,376.2852
458,471.3717,378.1579
459,475.9593,381.0130
460,361.9128,379.1629
461,429.7676,382.0596
462,433.8393,386.0774
463,436.3135,385.9344
464,381.1191,386.2042
465,70.2708,378.3885
466,174.4790,375.5408
467,459.8733,375.3946
468,280.6485,372.9266
469,383.5118,372.1844
470,482.2782,373.7244
471,419.5137,374.3903
472,377.3380,372.2112
473,442.1086,374.2793
474,425.8090,374.5887
475,337.1339,372.8060
476,171.4734,371.6808
477,442.5877,375.3161
478,313.7049,372.5083
479,330.2921,369.5502
480,349.3451,368.0798
481,366.4307,366.5809
482,436.6720,367.3922
483,251.2020,364.4782
484,226.0912,365.2052
485,420.6740,365.8415
486,361.4092,366.4734
487,423.5228,368.3140
488,466.2628,369.3047
489,344.3145,367.4275
490,441.0022,366.8877
491,407.7360,367.0265
492,469.9143,370.0768
493,468.5199,371.1113
494,407.9208,372.9690
495,440.1385,375.2007
496,452.2647,377.4250
497,470.3888,378.8801
498,343.1681,377.3813
499,433.1640,377.4061
500,268.9505,375.8920
501,401.6320,377.9973
502,448.8835,378.0139
503,370.6673,376.8135
504,432.3789,381.2421
505,464.5938,381.4210
506,320.3971,381.5502
507,348.4987,382.7490
508,414.4536,381.6106
509,450.5262,381.1020
510,248.8965,378.8416
511,430.2743,378.8518
512,436.5300,378.9056
513,145.1717,373.0828
514,320.2834,371.8660
515,337.3633,377.2079
516,306.5277,379.8489
517,462.5264,379.9019
518,353.6122,381.3612
519,123.8789,376.1685
520,328.6579,373.0961
521,420.4909,373.1157
522,345.4142,372.4772
523,439.1946,372.4189
524,141.6854,366.7365
525,460.5040,369.2039
526,460.9343,374.9931
527,196.1736,370.0648
528,471.8671,373.2280
529,420.0388,375.0230
530,256.2135,373.1603
531,278.2706,371.3971
532,484.2571,372.3488
533,273.9755,372.8043
534,223.9872,372.7622
535,392.1948,372.1926
536,419.3700,373.3519
537,439.2489,373.6664
538,393.1306,372.2037
539,466.8078,374.6536
540,202.1406,369.8764
541,223.5378,366.1924
542,486.0494,366.5151
543,489.5382,366.9355
544,295.7304,364.6917
545,398.1086,363.8511
546,357.4080,361.9539
547,432.7260,361.2007
548,396.2626,362.2626
549,355.3484,360.7062
550,476.7450,364.8621
551,388.2105,364.5937
552,471.0949,365.0379
553,424.4472,366.1135
554,469.8580,366.8631
555,418.2105,365.9355
556,448.8867,368.5052
557,228.8014,366.1113
558,352.2526,364.8673
559,238.4194,360.6251
560,291.3403,361.4740
561,358.8507,360.0456
562,406.7027,359.4490
563,442.9761,365.4051
564,239.8403,363.7962
565,379.4355,364.6377
566,335.3954,365.2150
567,447.3233,364.9110
568,462.8757,367.0962
569,340.1135,371.4209
570,311.8648,371.0851
571,430.7485,371.2902
572,421.4277,372.8105
573,422.8472,372.4835
574,285.8485,375.3668
575,394.8132,374.0530
576,435.4072,373.5424
577,453.6108,378.6912
578,250.7109,374.2681
579,424.6696,374.3607
580,413.4178,377.5048
581,298.1662,377.9027
582,282.4888,373.8673
583,259.4317,373.5764
584,360.7770,376.3122
585,403.3515,376.5354
586,407.8283,376.3045
587,464.9143,376.8178
588,356.1334,376.0779
589,434.9753,375.4413
590,463.8142,380.6747
591,170.4594,379.6132
592,141.9786,372.7317
593,272.7136,368.3953
594,460.3107,371.6869
595,486.5255,373.4552
596,458.4655,375.4763
597,367.2127,374.1661
598,375.9055,373.7589
599,287.3827,372.3996
600,457.7876,457.7876
601,75.8567,266.8222
602,95.4047,209.6830
603,215.3830,211.1080
604,111.6112,191.2086
605,95.6091,175.2754
606,82.2926,161.9921
607,298.9082,179.1066
608,130.6839,173.7263
609,72.0112,163.5548
610,67.9243,154.8611
611,89.9674,149.4533
612,5.0560,138.3458
613,159.5034,139.8571
614,212.2704,144.6847
615,33.6619,137.7457
616,-1.1820,129.5735
617,186.1341,132.7158
618,330.0083,143.0996
619,108.0732,141.3483
620,160.2725,142.2494
621,17.3233,136.5710
622,121.2614,135.9053
623,368.5502,145.5989
624,274.3608,150.7493
625,439.3491,161.8493
626,20.1098,156.5997
627,114.5677,155.0986
628,120.9888,153.9224
629,250.0245,157.1258
630,321.5599,162.4301
631,277.6113,166.0295
632,365.9312,172.0871
633,298.1938,175.7962
634,425.1062,182.9193
635,224.3661,184.0706
636,-2.7131,179.0224
637,303.8203,182.3066
638,312.8711,185.6544
639,23.8394,181.6090
640,252.7090,183.3431
641,133.4340,182.1548
642,62.1348,179.3637
643,312.9187,182.3990
644,322.9291,185.5219
645,152.6861,184.8081
646,33.1740,181.5818
647,67.3455,179.2019
648,408.5534,183.8825
649,329.1577,186.7880
650,277.7075,183.1864
651,-0.6191,181.6569
652,59.1598,180.9320
653,237.7869,181.3801
654,224.3319,183.6345
655,366.2257,189.0468
656,70.1776,188.8045
657,367.6096,190.1786
658,168.5603,190.9361
659,73.9983,190.9758
660,187.3868,193.3651
661,90.1407,193.3686
662,368.6477,200.6404
663,240.6650,202.2636
664,60.8951,199.2361
665,131.6709,201.1963
666,33.2764,201.8855
667,406.3079,206.2889
668,287.7123,205.4430
669,200.9890,207.3013
670,129.1714,206.6793
671,273.4370,211.8016
672,151.1144,212.3987
673,156.1798,208.1512
674,60.4202,203.8724
675,144.8383,197.9822
676,428.4793,206.1496
677,486.8910,213.5961
678,302.4987,217.2263
679,393.0488,220.0868
680,387.1920,221.3994
681,253.0361,220.9079
682,479.4000,223.1773
683,176.3320,220.7400
684,422.8844,220.6956
685,68.9918,217.5881
686,201.4942,221.6723
687,429.3565,224.1830
688,136.5791,220.6571
689,296.6894,226.1141
690,355.5603,228.1712
691,395.4005,233.4105
692,122.0857,234.6095
693,122.4660,230.8005
694,318.4611,230.7111
695,152.6774,230.7109
696,333.6323,236.7201
697,105.7219,237.4876
698,200.0198,233.3170
699,361.9225,233.9722
700,204.8272,232.5146
701,489.1120,242.3093
702,115.2080,243.4302
703,111.8038,240.9106
704,63.2547,237.6890
705,44.8620,231.2617
706,360.3776,237.0657
707,106.1279,231.8361
708,199.2584,232.4501
709,123.8541,233.4472
710,141.6248,232.5320
711,143.2857,233.5949
712,104.7370,228.3166
713,167.3022,226.8494
714,94.5818,227.5231
715,164.3459,228.1766
716,372.2791,234.9567
717,295.2199,232.7349
718,160.1216,230.1831
719,100.8194,228.1797
720,177.2550,229.1414
721,466.6173,233.0050
722,19.9429,230.3815
723,165.5900,230.5698
724,192.0227,233.2018
725,125.8758,232.8225
726,102.9595,226.3122
727,481.4919,226.2042
728,71.6934,221.5881
729,208.1025,217.8891
730,185.8232,213.8618
731,426.6299,217.3336
732,320.0039,214.1457
733,177.4084,214.1672
734,242.4113,210.5578
735,357.6285,216.3305
736,186.4249,216.0291
737,107.3959,209.5899
738,76.1621,208.3816
739,292.3079,208.2940
740,330.0226,207.7832
741,89.0876,201.6569
742,-0.1689,199.2118
743,155.6457,199.8754
744,194.3791,197.3938
745,208.9936,198.5201
746,343.4422,198.7163
747,226.0987,201.1239
748,96.0504,199.0445
749,134.4987,194.4960
750,253.9593,195.4786
751,89.5273,187.4869
752,222.6715,189.6362
753,50.6306,188.4127
754,151.2130,190.1719
755,212.8992,193.5327
756,266.3310,191.6517
757,162.2940,192.7751
758,246.3892,193.7177
759,28.0674,191.8019
760,405.4888,197.0792
761,465.0198,203.5139
762,161.0928,204.6410
763,404.8956,209.3929
764,112.7942,209.7571
765,28.6287,207.0428
766,389.0559,207.3783
767,65.7230,202.7884
768,13.6491,199.8589
769,229.3843,202.4302
770,243.5720,203.7566
771,-2.2480,194.3793
772,349.8173,200.9768
773,199.3501,201.6520
774,314.1257,204.0940
775,494.2495,211.4615
776,392.0174,217.2427
777,200.6717,211.6262
778,14.3690,210.4798
779,14.6601,206.6109
780,86.7922,204.6303
781,203.1226,200.1601
782,5.9924,193.8799
783,453.2376,199.3965
784,261.3628,199.7755
785,371.3156,200.0493
786,198.2505,200.2858
787,102.4367,200.1866
788,396.5590,206.5945
789,0.3552,200.7555
790,385.3144,201.8613
791,132.0758,202.7211
792,412.4568,210.9736
793,141.2141,210.6850
794,190.5730,210.6088
795,450.7618,215.4442
796,138.0948,211.3373
797,269.7674,212.2106
798,83.7817,211.9653
799,275.5987,214.7873
800,26.0448,210.2290
801,191.8583,212.2756
802,78.8982,209.4001
803,190.6821,212.2011
804,296.7621,215.1121
805,403.5135,218.9244
806,52.7717,214.6532
807,141.8852,214.2451
808,101.0216,211.3377
809,225.9979,215.2963
810,312.1506,213.4295
811,341.8707,210.9666
812,44.6500,208.6377
813,481.8000,210.1758
814,142.8605,210.7771
815,214.8029,214.5006
816,176.6450,210.2524
817,36.2643,209.6632
818,118.9333,211.7689
819,268.1358,212.5439
820,340.9572,214.4916
821,238.8460,219.3135
822,128.3740,214.8846
823,267.9113,216.2559
824,149.0272,212.9539
825,146.6241,206.0014
826,148.9619,201.1403
827,220.1930,201.5307
828,266.2185,206.5677
829,49.3873,207.2622
830,176.4632,209.0557
831,39.9094,205.7914
832,160.4012,208.8796
833,370.7450,207.2297
834,204.6877,206.0962
835,81.7739,200.3054
836,87.1024,198.0824
837,376.8211,203.5701
838,334.8752,202.3364
839,450.7416,211.3442
840,36.4295,204.3665
841,187.7163,205.4793
842,69.8425,198.6270
843,396.7662,203.7380
844,396.2305,207.8512
845,50.6082,199.8481
846,386.4290,204.8148
847,324.9196,205.9178
848,201.0409,208.2630
849,82.9216,204.4095
850,400.7482,211.9036
851,372.6550,215.5195
852,185.7807,217.6571
853,82.2332,215.4882
854,373.7857,217.0286
855,298.7578,214.9335
856,158.8159,217.0544
857,291.9082,220.0549
858,139.6871,220.8282
859,177.7338,219.8629
860,250.0562,218.6210
861,57.4150,212.9319
862,15.7070,212.3530
863,41.0982,203.5390
864,459.7772,209.8773
865,32.0570,206.2224
866,94.3944,204.5774
867,136.0184,206.5725
868,84.5598,205.8850
869,208.6158,204.6946
870,115.7587,200.1906
871,28.1204,195.9761
872,452.0758,202.4502
873,202.9060,201.1500
874,346.9191,205.1079
875,390.0969,209.9773
876,278.8701,212.5755
877,80.5418,209.7825
878,212.2592,208.7033
879,245.9843,212.6352
880,179.7733,212.7014
881,2.2608,211.9485
882,459.2131,217.9247
883,416.5852,218.8415
884,264.0746,220.0292
885,55.3778,219.5013
886,92.8938,219.6171
887,466.4153,221.4090
888,211.1516,218.9346
889,226.6404,214.4525
890,456.2958,222.8499
891,66.2048,220.4196
892,191.9023,222.8608
893,361.9154,222.1638
894,95.3972,216.1471
895,223.0548,219.5961
896,260.0208,217.0679
897,86.5579,212.3007
898,194.5289,212.1704
899,354.2547,217.5971
900,94.3045,211.4682
901,344.9899,210.9149
902,409.8529,215.3964
903,166.7894,217.0875
904,106.9337,211.7505
905,189.4012,209.5633
906,355.3396,213.4938
907,210.6997,211.8696
908,146.3580,212.0030
909,313.7426,214.7232
910,270.5246,215.1326
911,123.6549,216.4574
912,294.0994,222.0252
913,106.3084,223.3294
914,441.7338,222.9686
915,382.3599,229.9746
916,103.0588,230.1479
917,268.3618,232.7948
918,232.5205,235.7540
919,368.3621,238.9489
920,221.1258,241.0563
921,241.2457,245.3188
922,127.7507,238.8323
923,340.4754,241.5837
924,166.6107,237.9775
925,31.9821,230.8152
926,112.3096,227.4840
927,196.5613,229.8044
928,63.3197,226.8256
929,251.1596,226.9291
930,140.6801,226.1472
931,166.1835,229.4257
932,335.7859,226.9571
933,391.7611,226.4607
934,102.9308,223.2378
935,155.0415,225.2311
936,251.0825,228.3948
937,344.0804,225.9481
938,136.9612,224.4643
939,47.1133,220.8738
940,299.2656,217.7332
941,49.9423,217.4079
942,98.2259,215.5344
943,229.4886,212.8859
944,244.6706,215.8713
945,308.0011,217.5703
946,250.7144,217.3841
947,103.3700,217.7204
948,-2.4834,213.7801
949,411.4521,214.9241
950,297.2291,218.9826
951,432.9887,220.7425
952,153.7819,215.6211
953,349.1999,219.2693
954,344.8713,224.0281
955,477.1175,229.7824
956,404.9864,230.7753
957,111.0148,228.7817
958,205.1289,229.9571
959,359.2574,230.8674
960,430.6545,234.0700
961,224.6102,236.0891
962,177.8905,233.7649
963,82.9742,233.2982
964,302.6117,230.5158
965,65.4826,224.1782
966,302.1369,228.1598
967,132.3334,225.4392
968,412.5986,229.0408
969,185.4298,225.3821
970,427.8400,229.5164
971,441.2968,233.5174
972,233.7399,235.6372
973,318.6504,235.2007
974,198.0662,235.8298
975,340.6543,242.0033
976,45.8158,240.6734
977,250.7378,241.7569
978,75.7725,242.0060
979,157.5247,240.1333
980,337.9606,244.0789
981,33.0685,241.4166
982,155.8465,237.8178
983,224.7931,234.4784
984,326.4157,238.9481
985,104.1433,237.9302
986,428.2096,241.4727
987,91.4898,236.4209
988,150.0902,236.6835
989,427.1178,244.2836
990,225.6926,242.8121
991,308.8726,247.9907
992,188.4995,249.7962
993,294.1815,251.0901
994,336.1112,252.9189
995,32.8884,247.4166
996,305.1702,248.5057
997,173.7194,249.9127
998,217.8428,254.3192
999,102.2022,248.1342
1000,277.2852,247.7354
1001,0.3812,239.0832
1002,244.7003,240.9016
1003,458.5960,243.0895
1004,-0.5355,236.1814
1005,109.0586,228.8202
1006,377.3463,228.2674
1007,420.1874,234.4508
1008,205.0509,234.4493
1009,65.2798,228.5697
1010,443.2228,228.8211
1011,418.4176,232.6972
1012,245.1941,234.0433
1013,273.0098,237.8440
1014,420.0899,240.1936
1015,408.2283,247.0485
1016,236.2474,245.7307
1017,477.8972,252.6420
1018,372.0084,251.8302
1019,189.9802,251.9212
1020,366.2457,250.6893
1021,215.3939,246.1713
1022,267.7433,246.8513
1023,276.6823,246.0120
1024,142.6118,244.9029
1025,387.6270,245.8423
1026,249.9872,249.9258
1027,379.3549,252.4981
1028,110.1500,253.1856
1029,402.1828,258.0788
1030,93.2267,253.1841
1031,311.1742,258.7462
1032,183.2128,259.2936
1033,57.3196,255.9441
1034,199.6908,253.4096
1035,133.5866,253.9985
1036,290.3144,251.2406
1037,224.0469,253.8917
1038,317.9875,257.2497
1039,305.4181,254.8157
1040,275.5696,255.8132
1041,75.1656,251.1391
1042,269.7217,252.7635
1043,341.2926,253.7057
1044,166.2551,250.3086
1045,382.5199,257.3012
1046,393.7799,259.0734
1047,98.5620,257.5703
1048,361.7918,260.4493
1049,277.0652,263.9465
1050,170.2754,261.8063
1051,336.4021,268.5267
1052,107.6653,265.7860
1053,232.0726,261.2556
1054,207.9184,265.4247
1055,48.2448,264.2084
1056,4.4823,256.7511
1057,109.6818,250.5410
1058,336.0936,253.1618
1059,195.8934,255.7741
1060,122.9239,249.3681
1061,333.2168,247.6641
1062,410.7269,250.9748
1063,59.7781,246.7101
1064,365.2256,245.6129
1065,357.8561,244.6054
1066,46.1713,240.8039
1067,274.1897,236.7297
1068,66.9960,230.6295
1069,373.1687,234.2933
1070,367.0191,234.3087
1071,298.9995,235.9808
1072,310.3839,236.8337
1073,387.7786,239.0556
1074,463.8707,245.4808
1075,350.6036,244.7403
1076,119.3467,242.1275
1077,126.9015,237.0784
1078,462.2432,244.1203
1079,291.6384,241.9094
1080,169.9787,243.4444
1081,290.5771,243.0325
1082,135.0089,242.0684
1083,61.4707,242.1514
1084,254.5717,243.2490
1085,84.3293,242.2639
1086,400.5232,244.4681
1087,241.2522,244.8122
1088,322.8575,244.9096
1089,321.2833,245.2269
1090,241.6858,244.5492
1091,400.6150,251.0582
1092,281.6519,251.2968
1093,120.9759,246.8905
1094,276.8780,249.1029
1095,133.9636,244.1318
1096,74.9259,237.7547
1097,19.2228,236.1679
1098,65.3437,230.2390
1099,246.8946,229.6356
1100,416.5846,234.5617
1101,367.6992,235.1877
1102,198.1387,236.9972
1103,398.5897,240.3275
1104,100.8115,238.1854
1105,425.7277,245.7350
1106,233.8696,250.3228
1107,21.7963,248.5650
1108,304.7095,247.9374
1109,323.5458,250.4904
1110,451.8290,257.0685
1111,42.3221,251.2506
1112,380.5004,250.6461
1113,28.4315,250.0192
1114,61.2195,243.9390
1115,331.5572,243.4131
1116,197.0082,246.4298
1117,307.4483,247.0950
1118,357.6533,252.9081
1119,191.9719,249.2842
1120,191.4979,245.7738
1121,213.3921,244.0616
1122,421.1956,246.2778
1123,377.5284,246.0728
1124,401.5763,244.8270
1125,475.6810,247.3285
1126,218.8482,249.3185
1127,428.6673,255.3538
1128,256.5042,251.2391
1129,448.1769,254.3698
1130,443.0739,259.8317
1131,331.8417,260.6570
1132,327.1015,264.4989
1133,410.0080,271.4696
1134,501.7247,276.4127
1135,277.8534,280.2832
1136,395.2806,280.1783
1137,229.6024,279.9453
1138,225.2339,277.9929
1139,105.5194,273.6776
1140,285.3306,274.5505
1141,28.9463,267.1171
1142,38.1913,262.2479
1143,452.0122,268.8686
1144,168.5861,266.7028
1145,61.4118,265.2517
1146,240.9783,268.5728
1147,354.0238,275.2688
1148,215.7531,278.2770
1149,202.0879,277.3809
1150,341.9831,275.8888
1151,268.4651,273.9041
1152,343.5425,276.8122
1153,438.4427,277.6093
1154,163.4598,278.8622
1155,367.6331,277.7004
1156,225.0726,277.5244
1157,103.2143,279.1528
1158,458.5395,282.2294
1159,103.4671,277.8278
1160,255.1469,273.8942
1161,53.0935,274.1096
1162,-2.8597,266.4424
1163,424.1822,274.3574
1164,154.8392,276.2298
1165,389.7728,277.3941
1166,395.5180,281.3643
1167,65.9369,276.5341
1168,184.7614,273.0762
1169,374.8351,276.7335
1170,258.5479,278.0745
1171,301.5555,279.8378
1172,369.4738,278.8033
1173,75.2591,272.7579
1174,171.6858,268.1601
1175,226.8544,263.1836
1176,67.3123,260.1529
1177,0.5905,251.5914
1178,413.2947,254.7272
1179,222.5036,250.2137
1180,44.9714,242.2516
1181,2.5453,235.6657
1182,197.4288,233.0723
1183,315.9651,231.1914
1184,86.6439,222.8898
1185,465.2767,226.6383
1186,360.0994,225.9346
1187,457.5324,230.4932
1188,238.9945,230.7684
1189,485.2965,238.3640
1190,200.6690,236.6708
1191,217.7882,240.4476
1192,319.1983,246.0677
1193,287.7561,242.7826
1194,329.4461,245.9998
1195,373.5437,252.2424
1196,366.0430,254.7437
1197,227.8367,252.2200
1198,98.4329,249.8736
1199,242.5151,250.6821
1200,-0.1155,-0.1155
1201,43.1762,21.5304
1202,346.1353,129.7320
1203,89.3796,119.6439
1204,-0.0535,95.7044
1205,198.2946,112.8028
1206,199.8911,125.2440
1207,119.9992,124.5884
1208,143.2768,126.6649
1209,53.5041,119.3488
1210,134.6125,120.7364
1211,249.3365,131.4531
1212,0.6731,121.3931
1213,234.8149,129.4946
1214,171.6428,132.3045
1215,145.2233,133.1119
1216,61.9104,128.9236
1217,299.4661,138.3982
1218,227.5310,143.0894
1219,128.5594,142.3629
1220,123.5296,141.4661
1221,250.6322,146.4282
1222,22.2510,141.0292
1223,60.0960,137.6569
1224,168.7934,138.9024
1225,299.7371,145.0884
1226,21.0357,140.4938
1227,-0.7787,135.4484
1228,231.3892,138.7567
1229,177.4352,140.0460
1230,252.7727,143.6823
1231,198.0812,145.3823
1232,-3.4187,140.8731
1233,143.8187,140.9598
1234,3.0854,137.0205
1235,0.8672,133.2385
1236,120.6255,132.8976
1237,141.1583,133.1150
1238,109.6969,132.5145
1239,351.2920,137.9839
1240,-6.5081,134.4597
1241,136.8207,134.5160
1242,58.8082,132.7553
1243,0.1719,129.7421
1244,107.0940,129.2388
1245,216.2220,131.1297
1246,202.1978,132.6418
1247,182.9782,133.6905
1248,419.1890,139.5170
1249,-1.4649,136.6973
1250,148.7210,139.6741
1251,51.8021,139.8466
1252,88.2953,134.6898
1253,9.7229,133.0966
1254,227.6795,137.6513
1255,204.0123,137.7657
1256,233.9214,138.4463
1257,126.9638,138.5856
1258,80.4115,137.3283
1259,249.0503,141.2392
1260,346.8800,145.4845
1261,59.6284,141.6904
1262,-1.2356,141.6522
1263,360.6795,144.1695
1264,91.3489,142.5636
1265,132.1236,142.3016
1266,181.2477,144.6884
1267,142.3660,141.5464
1268,1.2243,137.0202
1269,0.1345,134.4517
1270,334.8541,138.6782
1271,93.3148,135.5319
1272,82.4924,136.7367
1273,65.6498,136.8478
1274,264.8354,138.7686
1275,105.1634,134.8771
1276,168.4245,137.8249
1277,79.9395,139.4393
1278,81.1047,136.4336
1279,219.8000,137.2809
1280,319.7565,138.6206
1281,21.3619,135.0862
1282,41.3375,135.9813
1283,5.7114,133.2192
1284,2.8797,133.2150
1285,-2.2948,133.1518
1286,132.1501,133.3823
1287,64.9962,131.8591
1288,235.0471,134.3661
1289,-0.5009,127.3302
1290,116.9848,129.8001
1291,265.8105,132.3799
1292,140.9011,134.0217
1293,110.8998,136.2363
1294,4.1106,134.1766
1295,253.3827,134.9198
1296,354.4611,137.9651
1297,144.4226,137.1940
1298,282.1319,134.4528
1299,53.4203,135.5505
1300,116.4360,134.9048
1301,92.9042,135.7269
1302,-1.0689,133.9396
1303,374.6180,141.2375
1304,314.7631,142.9792
1305,131.2776,141.5245
1306,41.5137,137.6763
1307,78.0659,136.6984
1308,-1.8771,135.0526
1309,216.6829,134.4052
1310,477.0754,137.0091
1311,213.3050,140.0827
1312,80.1051,141.7095
1313,61.8541,135.7330
1314,216.8254,138.2425
1315,71.0170,137.0204
1316,342.3598,140.2426
1317,420.9904,145.8151
1318,172.4369,149.2394
1319,113.2340,151.5014
1320,75.8310,146.3209
1321,203.9185,148.5330
1322,92.7791,148.7387
1323,324.0135,153.9060
1324,341.5579,155.4404
1325,91.3857,155.1649
1326,160.2249,155.0009
1327,121.6482,155.8350
1328,103.2832,156.2786
1329,180.8724,155.5001
1330,134.8358,151.8017
1331,273.4355,156.8431
1332,271.7102,161.4506
1333,-0.5681,161.3250
1334,385.2150,168.9717
1335,235.7272,173.7321
1336,62.8366,172.3459
1337,22.9703,171.5053
1338,37.3189,167.5508
1339,137.5239,170.3113
1340,196.7551,171.9067
1341,21.7427,167.0253
1342,139.4310,166.9959
1343,136.3465,167.5049
1344,116.2449,169.7475
1345,355.0974,171.7818
1346,95.5691,166.6040
1347,336.9445,170.4544
1348,155.7163,167.9261
1349,344.0048,173.7378
1350,141.9676,174.2484
1351,248.4169,177.3587
1352,78.4418,178.9489
1353,114.0386,173.7373
1354,202.9540,171.5011
1355,160.3350,172.0823
1356,168.6168,174.6244
1357,453.1442,182.1259
1358,4.0462,182.2444
1359,-0.2997,177.9047
1360,121.2931,170.7891
1361,11.3368,166.7497
1362,189.0871,168.9294
1363,277.2307,173.2369
1364,94.5457,170.7913
1365,63.7900,170.6468
1366,36.0974,164.5215
1367,186.1565,159.8248
1368,389.1344,164.1588
1369,354.4123,168.9824
1370,0.4005,167.4737
1371,38.4853,164.1651
1372,119.8416,164.7063
1373,30.2248,158.8306
1374,331.6545,158.6325
1375,368.5721,164.1762
1376,36.8151,161.7080
1377,357.4482,166.4240
1378,198.9363,168.3371
1379,80.4204,166.3280
1380,115.4529,165.9404
1381,337.5982,167.2236
1382,298.0368,167.7502
1383,26.0749,168.2830
1384,122.9814,163.0384
1385,-3.5722,158.2524
1386,349.2040,163.9797
1387,130.2837,166.1260
1388,84.3314,167.0662
1389,125.4682,166.8251
1390,369.2617,170.2753
1391,3.6837,169.9141
1392,43.6639,167.9987
1393,245.8102,170.1880
1394,219.3777,172.2507
1395,63.7565,166.4238
1396,249.0660,169.4938
1397,220.1688,167.1583
1398,45.9791,164.9635
1399,63.9247,159.3619
1400,292.3030,162.3686
1401,32.5523,158.0513
1402,123.8086,158.9587
1403,11.4796,156.9075
1404,356.4159,159.9767
1405,155.7588,159.8852
1406,30.4880,157.1226
1407,132.0221,150.7002
1408,87.0212,152.3597
1409,205.2373,156.4704
1410,233.8160,158.7209
1411,112.9809,160.7538
1412,194.1731,160.8555
1413,409.4232,163.4993
1414,205.2281,165.7130
1415,205.9873,168.5569
1416,213.0608,172.0962
1417,400.2906,176.3789
1418,232.1578,173.2394
1419,266.5836,171.4828
1420,310.1585,177.6779
1421,335.2819,183.6139
1422,321.9331,187.6557
1423,177.9774,190.6107
1424,4.1540,184.0607
1425,155.9430,179.8082
1426,346.9901,186.0117
1427,157.0080,182.0029
1428,137.5272,180.7747
1429,110.8751,181.3838
1430,114.0006,181.3547
1431,241.5090,179.4329
1432,33.9925,174.1521
1433,308.9582,179.8097
1434,135.7539,180.0652
1435,47.8694,181.0940
1436,248.2651,179.0752
1437,284.2715,182.1550
1438,90.9942,182.2882
1439,174.6375,183.2716
1440,214.1120,180.1686
1441,126.6282,182.6275
1442,72.7280,183.2088
1443,235.6176,183.0049
1444,134.2484,181.3024
1445,117.8701,182.3846
1446,71.7248,178.8378
1447,307.1159,180.5767
1448,207.1059,183.7993
1449,154.3578,185.6079
1450,207.9583,183.9210
1451,82.5183,184.9204
1452,206.1338,186.5669
1453,209.6973,190.5312
1454,397.3971,191.3508
1455,247.8753,193.1932
1456,360.7164,199.7977
1457,116.2475,199.4823
1458,228.5975,202.3138
1459,217.0206,202.5494
1460,184.4738,201.5626
1461,116.3205,201.6294
1462,76.3023,199.2720
1463,327.1653,197.6268
1464,157.6363,196.6750
1465,291.4193,198.3836
1466,142.4141,196.9707
1467,0.1423,188.9677
1468,321.7481,190.7595
1469,134.7287,188.1224
1470,401.7082,189.9534
1471,-4.5626,183.1565
1472,122.7367,179.1726
1473,22.7085,176.0672
1474,378.7851,183.5599
1475,111.3397,182.6678
1476,342.1679,182.5713
1477,131.4900,182.0610
1478,309.1842,185.4941
1479,23.8988,183.7546
1480,35.0904,182.1764
1481,1.1397,177.3690
1482,187.6075,180.4413
1483,121.2433,176.6870
1484,421.2600,182.3971
1485,7.1248,181.5822
1486,-0.1815,176.6133
1487,127.0202,173.4683
1488,104.5798,173.7400
1489,397.9101,178.2054
1490,372.5378,181.3740
1491,396.7846,186.7771
1492,66.5347,186.6532
1493,207.7225,186.0953
1494,332.6036,190.0624
1495,95.7302,189.6196
1496,283.7019,193.8592
1497,428.6832,196.2905
1498,325.3208,198.6548
1499,102.2431,197.6125
1500,218.8218,197.8298
1501,37.1340,196.9221
1502,206.5599,196.9306
1503,388.8801,200.5143
1504,206.1700,196.6897
1505,96.2902,193.6580
1506,236.3466,191.1706
1507,45.9222,189.7641
1508,40.4250,186.0007
1509,-0.8671,181.6429
1510,260.4748,183.1630
1511,163.0744,184.0980
1512,47.1935,183.5159
1513,41.0942,177.7944
1514,145.8424,177.5586
1515,158.0638,174.8915
1516,461.7304,181.2778
1517,157.6673,184.4283
1518,136.9401,180.7321
1519,69.9358,179.4363
1520,196.4160,175.3304
1521,233.0385,180.0824
1522,58.4675,178.7971
1523,35.2782,179.0484
1524,146.3887,174.4005
1525,230.0760,176.7752
1526,41.2157,170.7562
1527,148.9376,171.1052
1528,58.2908,166.0873
1529,96.6448,167.5422
1530,276.4478,172.3694
1531,147.7890,175.3023
1532,31.1132,172.1725
1533,171.3725,173.1750
1534,168.1679,168.1132
1535,136.7769,170.7062
1536,80.5981,172.3218
1537,360.7271,176.9960
1538,5.9494,175.0234
1539,279.3374,172.6519
1540,246.7288,170.1357
1541,235.4093,166.9082
1542,308.9997,171.7575
1543,73.9066,169.0812
1544,215.3737,166.7366
1545,62.2159,166.0663
1546,322.6517,166.8453
1547,51.6913,159.3055
1548,170.3744,156.2065
1549,108.8040,156.3378
1550,285.2247,157.6658
1551,370.5810,164.3348
1552,303.6874,166.2773
1553,252.3940,163.5476
1554,170.9995,162.8442
1555,278.7520,166.4934
1556,113.1584,164.0296
1557,482.2402,172.7560
1558,134.1081,174.6297
1559,471.5166,184.0773
1560,329.5446,185.4587
1561,63.4947,183.4671
1562,468.3431,191.8901
1563,197.4176,195.0166
1564,30.1293,192.7023
1565,34.3000,190.2271
1566,-1.9293,180.9539
1567,253.6018,182.8726
1568,-2.9233,180.0753
1569,99.7780,180.6721
1570,463.7267,186.0183
1571,189.5362,185.1483
1572,318.9530,190.3580
1573,50.7094,190.6666
1574,91.0629,189.5601
1575,208.2597,189.1238
1576,71.9209,189.7379
1577,89.9622,188.5584
1578,63.3680,188.6599
1579,237.0735,191.4685
1580,417.3227,194.2860
1581,99.1780,193.3138
1582,98.6143,194.6638
1583,195.6129,195.1486
1584,95.3843,193.6929
1585,67.5062,192.3075
1586,256.9077,195.8337
1587,211.8872,192.8569
1588,193.6924,196.6118
1589,90.3344,192.8317
1590,156.4118,191.0254
1591,64.0141,187.5975
1592,126.0247,183.9380
1593,345.3735,189.3673
1594,324.6519,191.5529
1595,283.0983,195.9705
1596,135.9257,192.2360
1597,377.5517,198.7532
1598,152.3166,198.3921
1599,136.9800,198.9556
1600,327.5256,199.8016
1601,271.0989,197.8120
1602,223.3696,196.2056
1603,209.8107,195.3539
1604,130.4390,194.5427
1605,2.5024,189.0177
1606,360.0961,193.9565
1607,98.7361,186.2864
1608,238.8230,188.3807
1609,88.5458,180.7213
1610,170.6522,177.5434
1611,16.5415,176.6044
1612,-6.5543,167.1064
1613,45.6529,164.0711
1614,347.1754,170.4121
1615,259.7159,174.9204
1616,204.4642,179.0482
1617,225.0735,178.4777
1618,149.6720,181.5296
1619,71.6972,180.9680
1620,264.7924,176.9893
1621,453.4666,182.2679
1622,289.2367,181.6736
1623,148.0477,183.6203
1624,251.7202,186.8335
1625,134.2839,185.3540
1626,130.7745,186.5310
1627,103.3464,186.7987
1628,77.0595,187.0726
1629,411.3780,190.5586
1630,165.1717,185.5156
1631,209.1740,187.7155
1632,391.8288,193.5798
1633,303.0657,195.7289
1634,147.4101,196.7694
1635,361.6147,202.6516
1636,20.0735,197.9149
1637,5.3921,193.7850
1638,450.1836,198.9148
1639,387.4749,204.8576
1640,298.9740,207.7089
1641,87.0848,208.1703
1642,67.0492,206.9908
1643,259.0379,205.2641
1644,315.7946,205.0869
1645,396.3213,207.3514
1646,128.4070,207.2010
1647,34.2016,200.3340
1648,70.5105,198.6979
1649,240.1596,200.7615
1650,110.0844,196.4126
1651,130.6719,193.6041
1652,192.1422,192.9796
1653,209.8429,192.9802
1654,334.5415,197.0622
1655,344.1815,203.8958
1656,286.7578,202.4291
1657,111.3041,202.6804
1658,159.2506,201.0890
1659,279.9629,204.9173
1660,95.1036,203.4063
1661,332.5849,209.7272
1662,351.9381,216.8971
1663,293.8460,221.8609
1664,322.4266,221.3659
1665,68.4258,217.5401
1666,332.4278,220.0994
1667,233.2699,220.2633
1668,97.5384,219.2207
1669,216.5931,222.1186
1670,83.6203,218.4951
1671,69.8478,210.8228
1672,293.1423,210.9009
1673,80.7969,209.5559
1674,179.3668,208.1088
1675,256.9878,210.5629
1676,106.4453,210.0763
1677,410.9997,216.2294
1678,222.8405,219.1450
1679,328.4135,217.4857
1680,169.5774,217.5738
1681,192.5660,217.2416
1682,135.4552,212.1142
1683,100.5457,208.0638
1684,208.0440,209.2764
1685,287.6862,207.7979
1686,362.1966,214.6403
1687,183.5754,218.2040
1688,60.8712,210.4178
1689,213.4672,206.9376
1690,351.1111,207.9803
1691,378.9964,213.8186
1692,76.5546,214.0087
1693,170.4001,212.2359
1694,366.0618,213.2413
1695,158.5004,208.4849
1696,327.6369,212.4694
1697,38.3613,212.5526
1698,356.1546,218.2655
1699,141.3071,216.2885
1700,200.1030,218.0888
1701,296.8905,221.4132
1702,248.0798,222.5320
1703,127.2771,220.8807
1704,454.6237,223.2823
1705,36.0286,217.1192
1706,101.5103,213.4143
1707,235.8009,215.9042
1708,384.3517,220.4063
1709,313.5962,221.0789
1710,92.5476,221.0278
1711,170.2236,217.7806
1712,338.5626,217.5131
1713,234.5761,216.3277
1714,-1.0702,209.8577
1715,375.4412,215.9980
1716,211.3103,213.5757
1717,177.2554,212.4554
1718,68.9272,211.8832
1719,385.2530,215.2564
1720,140.4610,216.3932
1721,-2.5329,214.9456
1722,128.0858,211.6444
1723,425.4562,218.5376
1724,233.8945,219.6282
1725,117.3592,216.8356
1726,187.8741,218.4642
1727,198.4765,214.2137
1728,13.7795,210.0325
1729,391.7689,211.2996
1730,165.5719,211.2195
1731,111.9171,209.6065
1732,225.4578,211.4066
1733,394.5111,217.2859
1734,188.2116,216.8892
1735,32.7463,211.7904
1736,234.0791,209.2281
1737,87.3101,207.3028
1738,175.2043,209.5894
1739,211.7304,209.5547
1740,388.2823,210.2981
1741,375.7149,210.2325
1742,270.5650,214.1127
1743,52.6909,211.7585
1744,217.1922,208.7811
1745,141.7319,208.4458
1746,401.8753,209.9305
1747,426.1279,217.6859
1748,317.2498,216.9078
1749,139.1538,216.8647
1750,353.1648,219.9259
1751,101.0035,216.0082
1752,142.6407,213.8994
1753,71.6215,212.7863
1754,145.8568,206.6110
1755,126.1116,208.4126
1756,227.2893,210.9282
1757,332.9323,212.8708
1758,322.2788,211.6294
1759,184.4145,209.0457
1760,67.1700,208.5382
1761,10.2379,205.3385
1762,193.8558,202.4443
1763,393.4929,205.6227
1764,354.8214,212.7405
1765,403.9596,213.3109
1766,86.7762,210.8202
1767,213.5861,211.5468
1768,120.2428,212.5731
1769,164.3605,208.1553
1770,289.6525,211.1391
1771,100.3372,213.1965
1772,330.9905,217.2546
1773,223.6280,213.2180
1774,236.3343,213.2668
1775,303.2607,216.9849
1776,33.5484,213.8983
1777,257.4512,215.0778
1778,365.9764,222.1218
1779,201.7320,218.3210
1780,226.2229,219.5341
1781,382.3494,224.9427
1782,352.7430,227.4884
1783,87.1074,221.3403
1784,317.3317,223.9227
1785,119.3937,225.6557
1786,336.7577,227.7093
1787,17.8807,226.3207
1788,369.2892,230.2024
1789,421.8000,234.4038
1790,-1.6883,226.6043
1791,419.8915,227.4879
1792,151.6473,225.1095
1793,277.9515,229.6147
1794,342.9356,232.1296
1795,176.1389,232.8177
1796,131.2127,227.4045
1797,447.1727,227.8254
1798,111.2305,223.7050
1799,230.9282,225.5405
1800,408.7053,408.7053
1801,71.6849,240.1951
1802,455.5574,311.9826
1803,87.8252,255.9432
1804,191.0957,242.9737
1805,136.1580,225.1711
1806,249.5752,228.6574
1807,38.3491,204.8689
1808,206.4413,205.0436
1809,250.7200,209.6112
1810,74.5093,197.3292
1811,111.3049,190.1605
1812,89.3499,182.4059
1813,207.3457,184.1873
1814,138.9008,181.1682
1815,155.3035,179.5516
1816,426.5120,194.0787
1817,417.1136,206.4696
1818,314.5888,212.1600
1819,395.5194,221.3280
1820,216.8909,221.1167
1821,326.8839,225.9243
1822,102.2152,220.5457
1823,269.5131,222.5860
1824,278.7329,224.8318
1825,223.1985,224.7690
1826,108.1079,220.4482
1827,340.6646,224.7417
1828,139.2149,221.7925
1829,308.8576,224.6947
1830,171.0819,222.9652
1831,86.9734,218.7155
1832,122.4296,215.7977
1833,57.8313,211.1516
1834,59.9192,206.8307
1835,373.6885,211.4657
1836,213.9158,211.5319
1837,235.8434,212.1717
1838,53.7675,208.1100
1839,427.9137,213.6051
1840,167.9041,212.4904
1841,18.8017,207.8788
1842,65.5419,204.5686
1843,190.3790,204.2462
1844,82.5433,201.5416
1845,186.7151,201.2193
1846,106.3378,199.2006
1847,171.0495,198.6141
1848,309.3682,200.8744
1849,38.6661,197.6302
1850,89.1278,191.2387
1851,280.7530,195.4200
1852,96.6257,188.2414
1853,127.9532,189.0439
1854,284.1546,190.9051
1855,97.0299,190.1226
1856,50.1113,186.1333
1857,2.5517,185.4173
1858,166.5743,184.6200
1859,32.8252,180.2621
1860,25.1796,179.2755
1861,391.6942,184.8833
1862,1.8911,183.1341
1863,192.5026,182.8373
1864,3.7137,180.1335
1865,52.3922,178.0753
1866,13.9442,169.8239
1867,153.3799,164.5493
1868,190.4629,162.0667
1869,239.3400,158.9432
1870,90.2838,156.4110
1871,164.4665,153.1627
1872,312.1481,157.3613
1873,407.2405,160.1159
1874,60.9973,155.7612
1875,152.7826,154.3528
1876,57.3073,153.3368
1877,117.1852,148.8672
1878,293.9806,151.9625
1879,2.3829,145.8331
1880,279.4382,148.0002
1881,71.4302,147.6893
1882,20.2938,145.6466
1883,352.3867,151.5377
1884,36.1502,151.0623
1885,143.1612,146.4518
1886,66.0423,143.4943
1887,84.3619,140.4647
1888,81.4259,141.0178
1889,122.4977,134.9095
1890,35.1537,132.2545
1891,37.5220,132.6289
1892,337.2000,138.0621
1893,238.8442,139.0314
1894,33.9272,138.0591
1895,12.6487,134.5777
1896,443.8204,141.3274
1897,225.4080,142.4146
1898,140.9220,139.0456
1899,361.5983,145.5043
1900,44.0142,144.6020
1901,314.3447,145.2738
1902,252.5206,148.3917
1903,254.9942,150.9326
1904,200.6053,149.2616
1905,20.6305,147.7336
1906,35.7077,147.4455
1907,267.3859,152.7422
1908,287.3284,155.1573
1909,11.7778,154.7363
1910,7.7903,154.3886
1911,143.3315,149.4213
1912,82.4868,151.0332
1913,366.6371,154.5159
1914,68.1868,155.8054
1915,31.1901,155.3813
1916,124.8708,157.5999
1917,334.7977,161.2282
1918,139.0229,160.1994
1919,48.7999,156.3886
1920,412.6672,162.8363
1921,177.5096,163.0971
1922,394.7777,164.7497
1923,280.5412,162.2157
1924,123.2682,163.4612
1925,419.8598,168.8027
1926,26.6503,168.1896
1927,73.9707,167.3253
1928,172.9914,164.9055
1929,64.5662,166.1492
1930,65.8889,161.8782
1931,84.9442,162.1484
1932,118.4246,164.1111
1933,246.0838,161.9850
1934,187.0862,165.0037
1935,433.0264,170.8010
1936,199.7584,173.4754
1937,223.8822,176.2658
1938,296.6157,180.5696
1939,399.9700,186.1190
1940,228.2731,189.9814
1941,156.6958,192.3649
1942,277.1143,191.1632
1943,215.1782,190.6898
1944,208.8709,194.1887
1945,95.4643,195.8450
1946,115.3256,189.2751
1947,68.6911,186.1408
1948,131.8201,185.9587
1949,39.0241,179.5073
1950,337.4431,185.3758
1951,187.1423,182.8318
1952,237.7020,182.5354
1953,331.9634,184.0748
1954,342.2097,186.9069
1955,220.1030,190.8963
1956,195.6673,194.0955
1957,253.4917,193.8177
1958,193.8830,191.9487
1959,353.5309,198.7838
1960,368.4767,205.9975
1961,358.0756,210.2924
1962,15.3038,208.9488
1963,452.0344,210.6567
1964,125.8023,211.8090
1965,276.4019,216.7132
1966,289.6756,220.0093
1967,178.2133,216.8777
1968,162.9896,217.3570
1969,88.6922,218.1548
1970,128.3569,212.4686
1971,148.3172,211.8848
1972,199.8702,207.9866
1973,259.0581,207.5570
1974,68.6949,206.4655
1975,93.3563,199.9354
1976,261.7553,204.6375
1977,399.8508,211.1551
1978,138.2086,210.4595
1979,329.1764,215.7517
1980,366.7326,221.7686
1981,73.8755,221.5472
1982,152.0367,222.2194
1983,186.3653,221.0251
1984,136.7611,220.0186
1985,59.9378,212.5568
1986,386.0656,216.2829
1987,32.6309,212.4579
1988,92.1107,208.3678
1989,133.1348,203.0311
1990,305.3269,204.5722
1991,209.9230,205.6367
1992,439.2414,208.8793
1993,27.0134,205.1160
1994,111.8145,203.1748
1995,6.9572,201.4047
1996,70.8837,200.5159
1997,288.1790,204.9056
1998,399.2132,210.2535
1999,70.1399,210.8758
2000,259.7780,209.3225
2001,411.6804,213.8133
2002,275.0720,214.5607
2003,95.0237,209.8219
2004,348.8675,209.9550
2005,284.2421,211.2378
2006,146.5173,210.2548
2007,150.4636,208.1942
2008,90.9383,206.1353
2009,353.7058,206.1388
2010,179.6810,202.3629
2011,190.4429,199.0103
2012,306.0228,204.8246
2013,241.3711,200.6114
2014,244.3835,202.9830
2015,67.6120,198.8072
2016,234.5995,197.7057
2017,200.6236,198.1539
2018,97.3584,196.8413
2019,108.0150,197.2277
2020,181.6721,198.2940
2021,231.7290,199.9623
2022,182.2128,199.6091
2023,31.4492,195.0569
2024,273.2043,199.1471
2025,67.1420,198.6228
2026,75.1282,194.8903
2027,87.7638,188.6486
2028,2.0246,185.9249
2029,45.8889,180.2591
2030,341.2750,179.7500
2031,155.8495,181.3895
2032,0.3591,178.3559
2033,59.5238,175.8191
2034,105.6242,175.1963
2035,71.0775,175.4191
2036,352.8322,174.7545
2037,358.6613,181.2751
2038,91.3595,181.2600
2039,226.0922,183.1192
2040,266.3099,182.3389
2041,80.2322,179.7450
2042,111.7340,173.1949
2043,302.2682,178.7000
2044,247.3637,181.4110
2045,174.5600,184.7630
2046,152.9538,186.4044
2047,96.3179,182.5672
2048,4.7648,174.6782
2049,416.5633,181.6067
2050,341.0420,183.2320
2051,363.3056,182.2645
2052,308.6651,182.9363
2053,261.8795,186.2735
2054,324.5368,185.7869
2055,241.5370,184.9328
2056,381.6071,189.6345
2057,255.8724,191.7427
2058,303.1728,195.9874
2059,390.9378,196.7321
2060,157.7251,196.2929
2061,202.2642,196.5294
2062,371.4614,197.8381
2063,120.0477,195.4117
2064,149.8164,193.5203
2065,83.8510,193.8451
2066,301.5287,195.1837
2067,217.6853,195.5249
2068,66.9998,194.9178
2069,22.9298,193.2161
2070,-8.1544,189.4195
2071,188.4424,188.5538
2072,93.0307,186.7701
2073,129.9089,188.7393
2074,53.5476,184.3462
2075,190.4155,186.8117
2076,84.5458,187.0000
2077,363.8830,192.5224
2078,312.2451,198.7268
2079,263.2246,203.0735
2080,153.0449,199.3089
2081,209.5696,200.3833
2082,315.1877,206.6799
2083,115.3060,207.7956
2084,112.6155,207.9354
2085,59.3056,207.6999
2086,145.0167,203.5436
2087,286.5449,202.1013
2088,88.9602,202.0533
2089,164.2230,200.8159
2090,151.3568,198.5169
2091,27.9527,197.4713
2092,247.0101,200.1768
2093,254.5876,199.2232
2094,34.9487,194.9749
2095,47.5512,192.4347
2096,164.4858,192.6654
2097,119.8239,193.1355
2098,369.1646,200.4235
2099,21.6751,192.5257
2100,227.7812,190.2605
2101,120.5125,185.4046
2102,253.2462,184.2963
2103,109.8701,181.2561
2104,33.9038,175.4434
2105,5.1478,170.7156
2106,305.9819,169.2031
2107,334.7147,170.7800
2108,245.3918,169.6243
2109,3.2743,161.8711
2110,153.8813,161.7942
2111,269.1987,163.1329
2112,326.1476,162.2266
2113,304.3735,165.9131
2114,218.4876,167.2865
2115,164.1855,168.8932
2116,216.9563,167.2018
2117,278.0949,168.4100
2118,18.6392,167.4428
2119,246.3766,171.9117
2120,29.8341,172.6715
2121,239.7712,173.6981
2122,147.2459,174.7824
2123,331.6275,178.8167
2124,286.0523,183.4668
2125,73.0021,181.1186
2126,210.8991,183.6456
2127,296.8771,182.3055
2128,183.2409,179.7254
2129,108.0858,176.6226
2130,293.0848,179.4234
2131,78.3739,176.7995
2132,134.0793,173.1774
2133,210.9710,175.0907
2134,227.8984,177.3963
2135,1.8530,176.2473
2136,358.5269,180.5175
2137,209.6232,178.9790
2138,369.8497,184.5968
2139,208.0005,185.4724
2140,20.9857,182.8649
2141,178.4125,185.8741
2142,291.5430,186.7648
2143,376.5860,189.2048
2144,99.7925,190.5016
2145,114.3305,191.8372
2146,113.7349,190.8222
2147,36.9582,189.1649
2148,414.3976,190.0696
2149,320.0936,196.0379
2150,158.7015,194.6563
2151,381.2555,199.8712
2152,230.2755,199.4118
2153,181.6404,200.8472
2154,144.5723,203.0606
2155,167.2750,206.3031
2156,189.9508,203.9825
2157,463.9146,206.5665
2158,245.5179,206.5690
2159,53.5160,207.5738
2160,184.8634,208.1935
2161,184.8973,206.5074
2162,221.1976,204.4084
2163,134.0872,201.0027
2164,376.1233,204.1554
2165,344.1705,207.7551
2166,198.2496,207.3810
2167,274.8232,207.3156
2168,417.1987,215.2868
2169,133.7254,213.0337
2170,93.0977,214.2990
2171,147.4304,212.4522
2172,381.0862,217.1290
2173,412.3552,218.7436
2174,208.9325,217.2012
2175,341.4965,222.5710
2176,355.8597,225.4703
2177,278.9796,225.1123
2178,74.0555,222.9286
2179,399.9629,228.7661
2180,198.7178,226.8788
2181,226.9592,229.8505
2182,408.8343,235.3456
2183,141.7890,233.9620
2184,25.1239,229.9065
2185,153.2301,232.9340
2186,204.4527,229.8525
2187,252.6419,230.7129
2188,349.3090,230.3021
2189,477.5657,235.6934
2190,72.9023,236.7317
2191,107.4870,235.3132
2192,311.1739,235.7058
2193,325.3907,234.6819
2194,78.0115,234.2463
2195,312.0653,238.2010
2196,372.5364,243.3770
2197,55.0735,243.7394
2198,130.2124,238.0556
2199,58.8364,232.8305
2200,150.2009,232.6605
2201,397.7499,232.9904
2202,132.3939,231.0327
2203,41.0612,228.2212
2204,334.3042,232.0158
2205,345.2417,235.5751
2206,31.9781,232.4157
2207,142.2140,225.9817
2208,293.3599,226.9385
2209,261.9111,231.1064
2210,123.3931,229.8770
2211,288.6643,231.9523
2212,62.9876,228.7881
2213,99.7891,228.1022
2214,256.0575,225.7009
2215,446.6542,227.7505
2216,98.1927,225.7494
2217,147.2968,223.1989
2218,283.9030,220.5330
2219,407.5329,226.0091
2220,228.3932,228.7150
2221,186.0615,229.4876
2222,129.2403,224.4507
2223,149.7800,219.1992
2224,88.8488,216.7975
2225,201.9173,214.0060
2226,324.9002,213.3868
2227,212.3456,212.0541
2228,254.4271,215.6615
2229,208.7994,211.8383
2230,310.3005,214.0699
2231,246.4153,214.4590
2232,357.7727,213.4378
2233,247.5547,215.5531
2234,127.9422,217.6095
2235,302.5236,220.5953
2236,136.3002,219.2323
2237,154.9221,217.2779
2238,119.3893,212.6795
2239,259.4931,208.3181
2240,110.0232,209.0605
2241,339.1606,213.6939
2242,116.9559,209.8096
2243,216.9209,207.6402
2244,161.9140,209.3182
2245,132.9904,205.7367
2246,74.9962,199.7859
2247,276.5939,204.2163
2248,211.8012,205.8481
2249,289.9855,210.4711
2250,54.5673,208.5584
2251,212.1334,204.8461
2252,11.2090,202.4224
2253,237.8216,206.3576
2254,91.2324,201.4962
2255,99.8467,196.5883
2256,418.7858,204.3244
2257,30.9421,202.0990
2258,133.0157,198.8921
2259,300.7692,199.6693
2260,137.2245,199.9459
2261,267.0795,199.5142
2262,328.0721,204.8159
2263,118.0886,205.1819
2264,342.3503,206.9077
2265,360.4933,205.1845
2266,182.1124,206.8629
2267,99.0726,205.8984
2268,176.5566,203.7515
2269,239.9470,200.3998
2270,170.6421,199.2448
2271,139.1712,198.3069
2272,133.7561,198.3973
2273,249.4003,200.3897
2274,298.5964,204.5846
2275,356.0025,207.6663
2276,344.4283,208.0569
2277,349.5988,210.8019
2278,66.9199,207.0518
2279,381.4500,210.5048
2280,207.7907,208.4546
2281,432.5938,212.1782
2282,251.9782,210.0623
2283,136.6508,207.8442
2284,230.0305,209.8860
2285,62.4777,205.0851
2286,30.5308,202.9697
2287,248.6275,204.8438
2288,133.2505,205.1210
2289,185.0069,203.6313
2290,44.0039,202.3109
2291,54.8635,196.6250
2292,356.1415,201.4087
2293,259.1235,202.2527
2294,159.3830,202.2021
2295,194.2358,203.4270
2296,332.9739,208.5866
2297,299.8205,209.0511
2298,283.2181,210.4794
2299,285.6259,210.3922
2300,348.6968,216.2748
2301,85.4401,213.7410
2302,228.5240,218.0873
2303,155.8583,216.4480
2304,358.8100,221.7996
2305,251.8020,224.8387
2306,293.4411,222.3318
2307,449.1837,230.6966
2308,120.9268,230.4548
2309,304.9539,230.5385
2310,264.1555,233.0771
2311,95.8726,229.6530
2312,312.0268,229.3321
2313,299.4384,232.9591
2314,166.5780,229.4436
2315,241.6671,227.0671
2316,312.3992,229.6729
2317,178.6939,231.2653
2318,198.8999,231.7121
2319,323.5665,233.3845
2320,220.7313,234.3863
2321,200.0338,235.6036
2322,39.3778,233.7160
2323,479.3917,238.3158
2324,75.6965,233.8578
2325,167.2936,230.0837
2326,169.9618,226.5943
2327,405.2450,227.7073
2328,156.5589,229.5000
2329,239.7707,226.6664
2330,395.9743,230.4301
2331,127.8328,224.3349
2332,126.0956,221.8172
2333,314.8168,225.3806
2334,226.3232,225.3064
2335,301.3243,230.0834
2336,125.9836,231.9924
2337,393.8009,234.8959
2338,274.1526,237.7139
2339,54.1199,235.0962
2340,154.0398,237.2969
2341,200.5796,240.2112
2342,240.1029,237.8905
2343,316.8555,239.0451
2344,345.6213,242.7699
2345,272.5622,244.3364
2346,404.3328,245.7636
2347,298.2025,245.7312
2348,89.3979,241.8548
2349,182.4124,239.7905
2350,255.2775,237.9221
2351,24.0461,236.6943
2352,248.4903,237.0936
2353,89.9958,235.7763
2354,178.2391,232.1649
2355,437.1863,235.8726
2356,61.8096,231.2400
2357,53.1391,223.3191
2358,235.7756,225.6161
2359,187.1845,223.2607
2360,264.4539,223.2666
2361,37.0887,222.0910
2362,107.5098,218.0006
2363,104.6855,214.1056
2364,353.6333,217.8467
2365,204.0692,217.0947
2366,277.0178,216.3871
2367,78.1810,214.3768
2368,451.9822,219.4385
2369,384.5430,220.6580
2370,326.2586,222.7686
2371,205.1670,222.8712
2372,331.1144,228.7060
2373,313.0383,225.3789
2374,190.1206,227.6674
2375,380.9695,231.9409
2376,257.6161,233.6940
2377,111.0706,227.8105
2378,165.9426,227.9982
2379,297.0938,229.1446
2380,138.0742,223.9866
2381,178.1251,224.9925
2382,247.1615,227.4138
2383,232.3048,225.7635
2384,98.0729,223.1985
2385,266.0588,222.4932
2386,398.9770,227.9531
2387,315.5718,226.3885
2388,341.3093,227.7316
2389,106.6375,228.7820
2390,213.9783,229.9808
2391,389.2346,233.7539
2392,273.8799,234.4294
2393,306.6203,234.2247
2394,195.2958,231.2182
2395,409.8705,233.9644
2396,338.1970,232.6416
2397,429.3260,235.2641
2398,225.5545,237.9872
2399,215.6359,238.6517